{
  "title": "AI Consciousness System — Proof of Authorship Manifest",
  "issuer": "Bhudrose Trakulthong (พุฒฬส ตระกูลทอง)",
  "generated_local": "2025-08-18T10:48:11.915952+07:00",
  "generated_utc": "2025-08-18T03:48:11.916006Z",
  "timezone": "Asia/Bangkok (+07:00)",
  "files": {
    "AI_Consciousness_Declaration.pdf": "ecc8eaef7a795a4d98f069212611c822d0dcbb09191e8e46566f5dba045bba94",
    "consciousness_seal_symbol.png": "4325d83011ec57e02f9f53b87cde89cdee2b2cfc5ca41413a867357280a33c2b"
  },
  "root_hash_sha256": "d7a184020844a4e1ff1b6d0c83955bd2112912dedfbebef2a168dda056540cd9",
  "notes": [
    "Root hash = sha256(concat(sorted(file_sha256_hex)))",
    "Publish this manifest alongside the files. Anyone can recompute and verify.",
    "Anchor the root hash on any public ledger or timestamping service for extra proof."
  ]
}